,InsiderID,NodeCount,EdgeCount,outlierscore,LOFScore,TotalOutlierScore
1,131072,2,1,0.054004865,-1,
2,100354,9,36,0.798362646,-1,
3,131073,2,1,0.054004865,-1,
4,120840,5,9,0.149453179,-1,
5,75787,10,43,0.600263146,-107330000.8,
6,83981,15,105,0.852239357,-0.966261794,
7,120849,9,36,0.798362646,-1,
8,120848,9,36,0.798362646,-1,
9,110608,5,10,0.439456321,-1,
10,120851,9,36,0.798362646,-1,
11,120853,9,36,0.798362646,-1,
12,120852,9,36,0.798362646,-1,
13,118809,5,9,0.149453179,-1,
14,122904,2,1,0.054004865,-1,
15,139288,3,3,0.102138795,-1,
16,118812,4,6,0.282164708,-1,
17,118815,5,9,0.149453179,-1,
18,81950,4,4,0.457764732,-1,
19,71713,8,20,0.911945696,-1.035374129,
20,120864,7,15,0.759988451,-1.648119623,
21,124965,2,1,0.054004865,-1,
22,124967,6,15,0.56610178,-1,
23,118826,5,9,0.149453179,-1,
24,116785,2,1,0.054004865,-1,
25,110643,7,19,0.260426949,-1,
26,118837,8,28,0.741248349,-1,
27,118836,3,3,0.102138795,-1,
28,133172,6,15,0.56610178,-1,
29,120888,6,15,0.56610178,-1,
30,120892,6,15,0.56610178,-1,
31,118849,2,1,0.054004865,-1,
32,135238,4,6,0.282164708,-1,
33,118852,2,1,0.054004865,-1,
34,127044,2,1,0.054004865,-1,
35,88135,16,114,0.296982369,-1,
36,120915,5,10,0.439456321,-1,
37,73820,2,1,0.054004865,-1,
38,135267,5,10,0.439456321,-1,
39,125027,2,1,0.054004865,-1,
40,120931,6,14,0.343308637,-1,
41,120930,5,10,0.439456321,-1,
42,77925,7,21,0.665156882,-1,
43,98408,2,1,0.054004865,-1,
44,118895,8,28,0.741248349,-1,
45,118894,8,28,0.741248349,-1,
46,120945,2,1,0.054004865,-1,
47,118896,8,28,0.741248349,-1,
48,131185,2,1,0.054004865,-1,
49,84085,2,1,0.054004865,-1,
50,120951,2,1,0.054004865,-1,
51,120950,2,1,0.054004865,-1,
52,75898,9,36,0.798362646,-1,
53,116858,11,49,0.280989227,-1.030507911,
54,120961,8,28,0.741248349,-1,
55,100483,2,1,0.054004865,-1,
56,100484,2,1,0.054004865,-1,
57,120973,3,3,0.102138795,-1,
58,129173,15,103,0.668607432,-1.040584436,
59,129172,15,103,0.668607432,-1.040584436,
60,129176,2,1,0.054004865,-1,
61,88222,2,1,0.054004865,-1,
62,123045,2,1,0.054004865,-1,
63,129189,5,10,0.439456321,-1,
64,137381,3,3,0.102138795,-1,
65,129194,7,17,0.371819052,-1.034303881,
66,106666,4,6,0.282164708,-1,
67,90284,3,3,0.102138795,-1,
68,121010,5,10,0.439456321,-1,
69,121012,5,10,0.439456321,-1,
70,121015,5,10,0.439456321,-1,
71,110774,13,62,1.233314614,-256416559.2,
72,121017,4,5,0.096707935,-475087477.3,
73,98488,7,21,0.665156882,-1,
74,96443,2,1,0.054004865,-1,
75,135356,3,3,0.102138795,-1,
76,121026,5,10,0.439456321,-1,
77,118998,2,1,0.054004865,-1,
78,82137,7,21,0.665156882,-1,
79,73951,11,48,0.478703917,-0.967229769,
80,121057,5,8,0.222632788,-409220180.6,
81,129251,6,15,0.56610178,-1,
82,127202,15,103,0.668607432,-1.040584436,
83,137446,2,1,0.054004865,-1,
84,94439,6,15,0.56610178,-1,
85,73958,16,114,0.296982369,-1,
86,129256,7,17,0.371819052,-1.034303881,
87,88301,4,6,0.282164708,-1,
88,137455,2,1,0.054004865,-1,
89,88300,4,6,0.282164708,-1,
90,129263,5,10,0.439456321,-1,
91,129262,7,17,0.371819052,-1.034303881,
92,92403,4,6,0.282164708,-1,
93,82170,3,3,0.102138795,-1,
94,135417,2,1,0.054004865,-1,
95,88323,6,14,0.343308637,-1,
96,116997,2,1,0.054004865,-1,
97,125189,2,1,0.054004865,-1,
98,112902,7,19,0.260426949,-1,
99,84239,3,3,0.102138795,-1,
100,123150,3,3,0.102138795,-1,
101,123153,3,3,0.102138795,-1,
102,90385,8,28,0.741248349,-1,
103,123152,3,3,0.102138795,-1,
104,69907,7,20,0.486899528,-42378599.14,
105,82203,3,3,0.102138795,-1,
106,112924,55,1430,3.236464764,-1,
107,121121,10,41,0.222991574,-0.947640823,
108,112928,53,1347,3.070178413,-1,
109,117027,12,54,0.985360814,-1.101249007,
110,117028,3,3,0.102138795,-1,
111,117032,2,1,0.054004865,-1,
112,117035,16,94,1.64117417,-172937943,
113,112938,53,1347,3.070178413,-1,
114,117034,2,1,0.054004865,-1,
115,112941,55,1430,3.236464764,-1,
116,127277,6,15,0.56610178,-1,
117,117037,14,88,0.575575383,-1,
118,127276,6,15,0.56610178,-1,
119,117036,13,78,0.884117727,-1,
120,112943,53,1347,3.070178413,-1,
121,127278,6,15,0.56610178,-1,
122,117041,9,33,0.333053964,-1.217739922,
123,117040,9,33,0.333053964,-1.217739922,
124,86324,12,66,0.881421305,-1,
125,117047,9,36,0.798362646,-1,
126,135482,5,10,0.439456321,-1,
127,119097,5,10,0.439456321,-1,
128,117048,9,36,0.798362646,-1,
129,82235,8,28,0.741248349,-1,
130,117051,9,36,0.798362646,-1,
131,117050,9,36,0.798362646,-1,
132,119101,3,3,0.102138795,-1,
133,117053,9,36,0.798362646,-1,
134,117052,9,36,0.798362646,-1,
135,137535,3,3,0.102138795,-1,
136,74046,7,19,0.260426949,-1,
137,112958,55,1430,3.236464764,-1,
138,112960,55,1430,3.236464764,-1,
139,112963,55,1430,3.236464764,-1,
140,137536,3,3,0.102138795,-1,
141,112965,55,1430,3.236464764,-1,
142,112964,55,1430,3.236464764,-1,
143,123207,3,3,0.102138795,-1,
144,112966,55,1430,3.236464764,-1,
145,112969,53,1347,3.070178413,-1,
146,117065,2,1,0.054004865,-1,
147,135498,3,3,0.102138795,-1,
148,135499,3,3,0.102138795,-1,
149,112971,55,1430,3.236464764,-1,
150,117067,2,1,0.054004865,-1,
151,112970,55,1430,3.236464764,-1,
152,135497,3,3,0.102138795,-1,
153,112973,55,1430,3.236464764,-1,
154,121165,2,1,0.054004865,-1,
155,139598,2,1,0.054004865,-1,
156,121164,2,1,0.054004865,-1,
157,112975,55,1430,3.236464764,-1,
158,82255,2,1,0.054004865,-1,
159,112974,55,1430,3.236464764,-1,
160,78161,2,1,0.054004865,-1,
161,110928,2,1,0.054004865,-1,
162,117072,16,115,0.012820697,-1,
163,112979,2,1,0.054004865,-1,
164,112981,55,1430,3.236464764,-1,
165,112980,55,1430,3.236464764,-1,
166,112983,55,1430,3.236464764,-1,
167,82263,3,3,0.102138795,-1,
168,139605,2,1,0.054004865,-1,
169,104793,9,36,0.798362646,-1,
170,112985,55,1430,3.236464764,-1,
171,117081,8,28,0.741248349,-1,
172,112984,53,1347,3.070178413,-1,
173,82264,3,3,0.102138795,-1,
174,129371,2,1,0.054004865,-1,
175,117083,9,33,0.333053964,-1.217739922,
176,112986,55,1430,3.236464764,-1,
177,117082,9,33,0.333053964,-1.217739922,
178,112989,55,1430,3.236464764,-1,
179,117085,14,88,0.575575383,-1,
180,112988,55,1430,3.236464764,-1,
181,117084,16,97,1.514841085,-175457898.5,
182,112991,55,1430,3.236464764,-1,
183,117087,14,88,0.575575383,-1,
184,112990,55,1430,3.236464764,-1,
185,117086,14,88,0.575575383,-1,
186,112993,46,1033,2.632323021,-1.413759718,
187,117089,14,88,0.575575383,-1,
188,129376,2,1,0.054004865,-1,
189,112992,55,1430,3.236464764,-1,
190,112995,55,1430,3.236464764,-1,
191,112994,53,1347,3.070178413,-1,
192,117090,14,88,0.575575383,-1,
193,112997,55,1430,3.236464764,-1,
194,112996,55,1430,3.236464764,-1,
195,117095,5,10,0.439456321,-1,
196,100710,3,3,0.102138795,-1,
197,112998,55,1430,3.236464764,-1,
198,113001,55,1430,3.236464764,-1,
199,117096,5,10,0.439456321,-1,
200,113003,55,1430,3.236464764,-1,
201,113002,55,1430,3.236464764,-1,
202,117101,4,6,0.282164708,-1,
203,113005,55,1430,3.236464764,-1,
204,113004,55,1430,3.236464764,-1,
205,110956,5,10,0.439456321,-1,
206,117103,8,28,0.741248349,-1,
207,96625,4,6,0.282164708,-1,
208,125297,2,1,0.054004865,-1,
209,104822,3,3,0.102138795,-1,
210,127354,14,85,0.141180981,-150637465.4,
211,117117,3,3,0.102138795,-1,
212,117119,4,4,0.457764732,-1,
213,117118,4,6,0.282164708,-1,
214,117121,4,6,0.282164708,-1,
215,117120,4,6,0.282164708,-1,
216,117123,2,1,0.054004865,-1,
217,98691,7,18,0.0883833,-93924384.4,
218,117122,4,6,0.282164708,-1,
219,135553,2,1,0.054004865,-1,
220,131463,2,1,0.054004865,-1,
221,104841,14,75,1.202434918,-1.002455559,
222,117129,2,1,0.054004865,-1,
223,117128,5,7,0.512498272,-1.144122571,
224,127381,2,1,0.054004865,-1,
225,94613,2,1,0.054004865,-1,
226,127380,2,1,0.054004865,-1,
227,127384,2,1,0.054004865,-1,
228,117147,2,1,0.054004865,-1,
229,113050,3,2,0.33814894,-352182519.1,
230,94618,2,1,0.054004865,-1,
231,135580,2,1,0.054004865,-1,
232,117151,2,1,0.054004865,-1,
233,129441,9,36,0.798362646,-1,
234,129444,9,36,0.798362646,-1,
235,133540,4,6,0.282164708,-1,
236,133541,4,6,0.282164708,-1,
237,117163,12,54,0.985360814,-1.101249007,
238,117162,10,41,0.222991574,-0.947640823,
239,117165,12,54,0.985360814,-1.101249007,
240,117164,10,41,0.222991574,-0.947640823,
241,117167,7,21,0.665156882,-1,
242,88494,6,15,0.56610178,-1,
243,113073,2,1,0.054004865,-1,
244,117171,14,88,0.575575383,-1,
245,117170,11,55,0.866749009,-1.018224383,
246,117173,14,88,0.575575383,-1,
247,121271,7,21,0.665156882,-1,
248,117174,15,95,0.781787512,-1,
249,121270,7,21,0.665156882,-1,
250,121273,7,21,0.665156882,-1,
251,139705,2,1,0.054004865,-1,
252,121274,7,21,0.665156882,-1,
253,117182,7,19,0.260426949,-1,
254,92609,3,3,0.102138795,-1,
255,92608,3,3,0.102138795,-1,
256,92610,4,6,0.282164708,-1,
257,76228,2,1,0.054004865,-1,
258,102855,13,62,1.233314614,-256416559.2,
259,123334,8,28,0.741248349,-1,
260,117194,3,3,0.102138795,-1,
261,137678,2,1,0.054004865,-1,
262,117196,7,19,0.260426949,-1,
263,137677,2,1,0.054004865,-1,
264,117203,10,45,0.839499175,-1,
265,117202,7,19,0.260426949,-1,
266,117205,10,45,0.839499175,-1,
267,113111,2,1,0.054004865,-1,
268,117206,10,45,0.839499175,-1,
269,115161,3,3,0.102138795,-1,
270,94685,16,115,0.012820697,-1,
271,115164,3,3,0.102138795,-1,
272,139741,2,1,0.054004865,-1,
273,117218,10,45,0.839499175,-1,
274,137703,2,1,0.054004865,-1,
275,100839,9,36,0.798362646,-1,
276,117223,10,45,0.839499175,-1,
277,82406,7,19,0.260426949,-1,
278,117225,10,45,0.839499175,-1,
279,90600,3,3,0.102138795,-1,
280,115179,4,6,0.282164708,-1,
281,86506,2,1,0.054004865,-1,
282,117226,10,45,0.839499175,-1,
283,129519,8,25,0.168224761,-1,
284,86512,2,1,0.054004865,-1,
285,111090,13,77,0.797056143,-1,
286,86514,2,1,0.054004865,-1,
287,94717,11,49,0.280989227,-1.030507911,
288,117253,4,6,0.282164708,-1,
289,117254,4,6,0.282164708,-1,
290,125455,2,1,0.054004865,-1,
291,117263,2,1,0.054004865,-1,
292,117262,2,1,0.054004865,-1,
293,100883,16,115,0.012820697,-1,
294,117269,15,95,0.781787512,-1,
295,117271,15,95,0.781787512,-1,
296,117273,14,88,0.575575383,-1,
297,117272,7,21,0.665156882,-1,
298,119322,4,6,0.282164708,-1,
299,117274,15,95,0.781787512,-1,
300,70175,3,3,0.102138795,-1,
301,117279,7,21,0.665156882,-1,
302,117278,7,21,0.665156882,-1,
303,72225,3,3,0.102138795,-1,
304,70176,3,3,0.102138795,-1,
305,135719,3,3,0.102138795,-1,
306,80423,2,1,0.054004865,-1,
307,117287,20,190,0.297046928,-1,
308,117288,20,190,0.297046928,-1,
309,117291,20,190,0.297046928,-1,
310,96811,7,18,0.0883833,-93924384.4,
311,125482,2,1,0.054004865,-1,
312,117290,20,190,0.297046928,-1,
313,119341,5,10,0.439456321,-1,
314,86573,6,15,0.56610178,-1,
315,117293,20,190,0.297046928,-1,
316,119340,4,6,0.282164708,-1,
317,125484,2,1,0.054004865,-1,
318,117295,20,190,0.297046928,-1,
319,119342,5,10,0.439456321,-1,
320,117294,20,190,0.297046928,-1,
321,117297,20,190,0.297046928,-1,
322,129585,4,6,0.282164708,-1,
323,129584,4,6,0.282164708,-1,
324,117296,20,190,0.297046928,-1,
325,117299,3,3,0.102138795,-1,
326,135728,3,3,0.102138795,-1,
327,129586,4,6,0.282164708,-1,
328,117300,3,3,0.102138795,-1,
329,129588,4,6,0.282164708,-1,
330,123448,2,1,0.054004865,-1,
331,131645,2,1,0.054004865,-1,
332,117313,2,1,0.054004865,-1,
333,70208,2,1,0.054004865,-1,
334,125507,8,28,0.741248349,-1,
335,125508,8,28,0.741248349,-1,
336,117319,20,190,0.297046928,-1,
337,117318,13,75,0.578172141,-22858924.56,
338,117320,9,36,0.798362646,-1,
339,117323,10,43,0.600263146,-107330000.8,
340,117324,16,84,2.059528635,-224084118.7,
341,107091,7,21,0.665156882,-1,
342,117333,14,80,0.859121078,-1.165195475,
343,117332,13,75,0.578172141,-22858924.56,
344,117335,13,75,0.578172141,-22858924.56,
345,117334,14,80,0.859121078,-1.165195475,
346,113241,6,15,0.56610178,-1,
347,117337,12,66,0.881421305,-1,
348,117336,12,66,0.881421305,-1,
349,117339,13,75,0.578172141,-22858924.56,
350,117338,13,75,0.578172141,-22858924.56,
351,70237,2,1,0.054004865,-1,
352,117340,12,66,0.881421305,-1,
353,107103,6,15,0.56610178,-1,
354,117342,14,80,0.859121078,-1.165195475,
355,119390,4,6,0.282164708,-1,
356,117347,6,14,0.343308637,-1,
357,117349,20,190,0.297046928,-1,
358,117351,5,10,0.439456321,-1,
359,117350,6,14,0.343308637,-1,
360,121446,2,1,0.054004865,-1,
361,117352,7,15,0.759988451,-1.648119623,
362,121448,2,1,0.054004865,-1,
363,117354,2,1,0.054004865,-1,
364,94826,3,3,0.102138795,-1,
365,117357,6,14,0.343308637,-1,
366,117359,20,190,0.297046928,-1,
367,117358,20,190,0.297046928,-1,
368,100977,2,1,0.054004865,-1,
369,117361,20,190,0.297046928,-1,
370,117360,20,190,0.297046928,-1,
371,117362,20,190,0.297046928,-1,
372,117367,20,190,0.297046928,-1,
373,135802,2,1,0.054004865,-1,
374,135803,2,1,0.054004865,-1,
375,98938,9,36,0.798362646,-1,
376,96897,6,15,0.56610178,-1,
377,127619,3,3,0.102138795,-1,
378,86659,7,20,0.486899528,-42378599.14,
379,90756,2,1,0.054004865,-1,
380,84614,2,1,0.054004865,-1,
381,117387,2,1,0.054004865,-1,
382,129674,5,6,0.800053441,-339698895.7,
383,86669,3,3,0.102138795,-1,
384,94861,2,1,0.054004865,-1,
385,117388,2,1,0.054004865,-1,
386,117391,3,3,0.102138795,-1,
387,117390,3,2,0.33814894,-352182519.1,
388,133778,4,6,0.282164708,-1,
389,131728,3,3,0.102138795,-1,
390,98962,6,15,0.56610178,-1,
391,117399,3,3,0.102138795,-1,
392,117401,6,15,0.56610178,-1,
393,117400,6,15,0.56610178,-1,
394,117402,6,15,0.56610178,-1,
395,117405,6,15,0.56610178,-1,
396,133790,6,15,0.56610178,-1,
397,117404,6,15,0.56610178,-1,
398,119452,5,8,0.222632788,-409220180.6,
399,117406,3,3,0.102138795,-1,
400,117415,3,3,0.102138795,-1,
401,119463,2,1,0.054004865,-1,
402,117417,7,21,0.665156882,-1,
403,103080,14,80,0.859121078,-1.165195475,
404,121516,2,1,0.054004865,-1,
405,92844,6,12,0.306436193,-455443093.1,
406,117427,2,1,0.054004865,-1,
407,92853,2,1,0.054004865,-1,
408,117436,5,10,0.439456321,-1,
409,80579,16,114,0.296982369,-1,
410,117451,2,1,0.054004865,-1,
411,117453,5,10,0.439456321,-1,
412,117452,2,1,0.054004865,-1,
413,117454,5,10,0.439456321,-1,
414,88784,2,1,0.054004865,-1,
415,105176,3,3,0.102138795,-1,
416,131803,3,3,0.102138795,-1,
417,82650,11,49,0.280989227,-1.030507911,
418,99036,4,6,0.282164708,-1,
419,72417,3,3,0.102138795,-1,
420,137959,2,1,0.054004865,-1,
421,117481,12,66,0.881421305,-1,
422,133867,2,1,0.054004865,-1,
423,135917,4,6,0.282164708,-1,
424,80625,11,48,0.478703917,-0.967229769,
425,88816,9,36,0.798362646,-1,
426,119536,4,6,0.282164708,-1,
427,131834,5,10,0.439456321,-1,
428,133887,2,1,0.054004865,-1,
429,103167,6,9,0.994433804,-657587031.3,
430,117507,16,115,0.012820697,-1,
431,117508,16,115,0.012820697,-1,
432,123655,16,114,0.296982369,-1,
433,117515,15,105,0.852239357,-0.966261794,
434,109322,14,75,1.202434918,-1.002455559,
435,117514,15,105,0.852239357,-0.966261794,
436,117519,16,115,0.012820697,-1,
437,119566,2,1,0.054004865,-1,
438,117518,16,115,0.012820697,-1,
439,117520,15,105,0.852239357,-0.966261794,
440,119573,2,1,0.054004865,-1,
441,94996,3,3,0.102138795,-1,
442,119575,2,1,0.054004865,-1,
443,117529,13,77,0.797056143,-1,
444,117532,13,77,0.797056143,-1,
445,109343,13,78,0.884117727,-1,
446,92966,10,45,0.839499175,-1,
447,92970,4,6,0.282164708,-1,
448,123697,16,114,0.296982369,-1,
449,127795,3,3,0.102138795,-1,
450,138033,2,1,0.054004865,-1,
451,125753,2,1,0.054004865,-1,
452,135994,2,1,0.054004865,-1,
453,138043,2,1,0.054004865,-1,
454,131896,3,3,0.102138795,-1,
455,138047,2,1,0.054004865,-1,
456,129854,2,1,0.054004865,-1,
457,84805,2,1,0.054004865,-1,
458,119620,2,1,0.054004865,-1,
459,117577,5,9,0.149453179,-1,
460,117578,5,9,0.149453179,-1,
461,84810,2,1,0.054004865,-1,
462,119637,8,19,1.053054207,-106196329.8,
463,72535,3,3,0.102138795,-1,
464,105305,6,15,0.56610178,-1,
465,117593,13,77,0.797056143,-1,
466,119641,4,6,0.282164708,-1,
467,99163,2,1,0.054004865,-1,
468,119645,2,1,0.054004865,-1,
469,117597,13,77,0.797056143,-1,
470,115549,2,1,0.054004865,-1,
471,117596,13,77,0.797056143,-1,
472,115548,2,1,0.054004865,-1,
473,133980,7,21,0.665156882,-1,
474,117599,13,77,0.797056143,-1,
475,117598,13,77,0.797056143,-1,
476,117601,13,77,0.797056143,-1,
477,105313,4,6,0.282164708,-1,
478,117600,13,77,0.797056143,-1,
479,107365,7,21,0.665156882,-1,
480,117605,13,77,0.797056143,-1,
481,105318,8,28,0.741248349,-1,
482,121709,2,1,0.054004865,-1,
483,95087,2,1,0.054004865,-1,
484,136054,5,10,0.439456321,-1,
485,127863,2,1,0.054004865,-1,
486,127862,2,1,0.054004865,-1,
487,127865,4,6,0.282164708,-1,
488,74620,10,45,0.839499175,-1,
489,127874,2,1,0.054004865,-1,
490,72583,3,2,0.33814894,-352182519.1,
491,129929,2,1,0.054004865,-1,
492,70538,8,25,0.168224761,-1,
493,119694,2,1,0.054004865,-1,
494,109454,7,21,0.665156882,-1,
495,72592,2,1,0.054004865,-1,
496,127899,6,15,0.56610178,-1,
497,117659,2,1,0.054004865,-1,
498,93082,3,3,0.102138795,-1,
499,127898,6,15,0.56610178,-1,
500,117661,3,3,0.102138795,-1,
501,93085,7,20,0.486899528,-42378599.14,
502,127901,6,15,0.56610178,-1,
503,117660,3,3,0.102138795,-1,
504,127900,6,15,0.56610178,-1,
505,117663,2,1,0.054004865,-1,
506,115614,2,1,0.054004865,-1,
507,117665,4,3,0.890497144,-1249387367,
508,82849,14,88,0.575575383,-1,
509,117664,2,1,0.054004865,-1,
510,117668,2,1,0.054004865,-1,
511,76711,2,1,0.054004865,-1,
512,127915,6,15,0.56610178,-1,
513,99243,15,95,0.781787512,-1,
514,127917,8,28,0.741248349,-1,
515,72621,3,3,0.102138795,-1,
516,72627,3,3,0.102138795,-1,
517,119730,5,10,0.439456321,-1,
518,76726,2,1,0.054004865,-1,
519,101306,2,1,0.054004865,-1,
520,95165,2,1,0.054004865,-1,
521,91076,16,97,1.514841085,-175457898.5,
522,129991,5,6,0.800053441,-339698895.7,
523,132042,2,1,0.054004865,-1,
524,129992,3,3,0.102138795,-1,
525,134088,6,15,0.56610178,-1,
526,129999,3,3,0.102138795,-1,
527,127956,3,3,0.102138795,-1,
528,80852,6,14,0.343308637,-1,
529,95188,9,36,0.798362646,-1,
530,119767,10,45,0.839499175,-1,
531,127958,3,3,0.102138795,-1,
532,121819,8,28,0.741248349,-1,
533,101349,2,1,0.054004865,-1,
534,95207,2,1,0.054004865,-1,
535,78822,2,1,0.054004865,-1,
536,101350,4,6,0.282164708,-1,
537,95215,2,1,0.054004865,-1,
538,95214,2,1,0.054004865,-1,
539,97267,14,75,1.202434918,-1.002455559,
540,119795,7,16,0.578812532,-1.213252246,
541,119794,6,14,0.343308637,-1,
542,95225,2,1,0.054004865,-1,
543,119803,5,10,0.439456321,-1,
544,115708,2,1,0.054004865,-1,
545,80901,4,6,0.282164708,-1,
546,105478,14,75,1.202434918,-1.002455559,
547,119821,2,1,0.054004865,-1,
548,97297,5,10,0.439456321,-1,
549,128019,3,3,0.102138795,-1,
550,117778,7,21,0.665156882,-1,
551,82964,4,6,0.282164708,-1,
552,93204,2,1,0.054004865,-1,
553,91158,3,3,0.102138795,-1,
554,82969,4,6,0.282164708,-1,
555,119833,2,1,0.054004865,-1,
556,119835,2,1,0.054004865,-1,
557,119837,3,3,0.102138795,-1,
558,117798,7,18,0.0883833,-93924384.4,
559,117801,2,1,0.054004865,-1,
560,119849,3,3,0.102138795,-1,
561,117800,2,1,0.054004865,-1,
562,113704,6,15,0.56610178,-1,
563,117804,3,3,0.102138795,-1,
564,97327,3,3,0.102138795,-1,
565,97329,5,10,0.439456321,-1,
566,85047,2,1,0.054004865,-1,
567,126013,5,7,0.512498272,-1.144122571,
568,85055,3,3,0.102138795,-1,
569,126014,4,6,0.282164708,-1,
570,99395,16,115,0.012820697,-1,
571,99394,16,115,0.012820697,-1,
572,89156,7,21,0.665156882,-1,
573,99399,2,1,0.054004865,-1,
574,99403,9,36,0.798362646,-1,
575,117834,3,3,0.102138795,-1,
576,117837,2,1,0.054004865,-1,
577,117836,3,3,0.102138795,-1,
578,117851,7,18,0.0883833,-93924384.4,
579,117852,6,15,0.56610178,-1,
580,136287,3,3,0.102138795,-1,
581,121950,2,1,0.054004865,-1,
582,119904,3,3,0.102138795,-1,
583,124005,8,28,0.741248349,-1,
584,119916,2,1,0.054004865,-1,
585,70777,2,1,0.054004865,-1,
586,136315,7,21,0.665156882,-1,
587,119931,3,3,0.102138795,-1,
588,117882,3,3,0.102138795,-1,
589,121987,13,78,0.884117727,-1,
590,124041,4,6,0.282164708,-1,
591,74891,2,1,0.054004865,-1,
592,74890,2,1,0.054004865,-1,
593,126100,3,3,0.102138795,-1,
594,124055,12,66,0.881421305,-1,
595,136346,2,1,0.054004865,-1,
596,130201,6,15,0.56610178,-1,
597,117916,8,18,1.195824405,-1.238079886,
598,117919,8,18,1.195824405,-1.238079886,
599,126113,3,3,0.102138795,-1,
600,117920,4,6,0.282164708,-1,
601,91300,2,1,0.054004865,-1,
602,87209,5,10,0.439456321,-1,
603,72881,11,48,0.478703917,-0.967229769,
604,72883,10,42,0.441887337,-1.129791816,
605,117939,2,1,0.054004865,-1,
606,117940,3,2,0.33814894,-352182519.1,
607,87223,5,10,0.439456321,-1,
608,87224,5,10,0.439456321,-1,
609,113850,2,1,0.054004865,-1,
610,87226,5,10,0.439456321,-1,
611,126143,3,3,0.102138795,-1,
612,134338,7,19,0.260426949,-1,
613,138434,3,3,0.102138795,-1,
614,117952,6,15,0.56610178,-1,
615,103619,2,1,0.054004865,-1,
616,134342,5,9,0.149453179,-1,
617,128197,2,1,0.054004865,-1,
618,76996,8,28,0.741248349,-1,
619,134343,5,10,0.439456321,-1,
620,76998,8,28,0.741248349,-1,
621,111816,13,78,0.884117727,-1,
622,136392,3,3,0.102138795,-1,
623,134351,5,9,0.149453179,-1,
624,113871,4,6,0.282164708,-1,
625,122065,5,10,0.439456321,-1,
626,124115,2,1,0.054004865,-1,
627,124116,2,1,0.054004865,-1,
628,120027,2,1,0.054004865,-1,
629,120026,2,1,0.054004865,-1,
630,81116,2,1,0.054004865,-1,
631,115934,2,1,0.054004865,-1,
632,93406,2,1,0.054004865,-1,
633,128222,11,55,0.866749009,-1.018224383,
634,130272,6,15,0.56610178,-1,
635,83172,3,3,0.102138795,-1,
636,122087,2,1,0.054004865,-1,
637,95465,11,48,0.478703917,-0.967229769,
638,91369,8,28,0.741248349,-1,
639,122088,2,1,0.054004865,-1,
640,89322,2,1,0.054004865,-1,
641,126186,4,5,0.096707935,-475087477.3,
642,111855,55,1430,3.236464764,-1,
643,85231,2,1,0.054004865,-1,
644,111854,55,1430,3.236464764,-1,
645,111859,55,1430,3.236464764,-1,
646,111858,55,1430,3.236464764,-1,
647,128246,2,1,0.054004865,-1,
648,128252,2,1,0.054004865,-1,
649,97534,4,6,0.282164708,-1,
650,91399,4,6,0.282164708,-1,
651,85255,2,1,0.054004865,-1,
652,134404,5,10,0.439456321,-1,
653,134405,5,10,0.439456321,-1,
654,101650,8,28,0.741248349,-1,
655,126229,3,3,0.102138795,-1,
656,122135,2,1,0.054004865,-1,
657,126230,3,3,0.102138795,-1,
658,72985,2,1,0.054004865,-1,
659,103706,8,28,0.741248349,-1,
660,95516,2,1,0.054004865,-1,
661,118046,2,1,0.054004865,-1,
662,103715,8,28,0.741248349,-1,
663,103716,8,28,0.741248349,-1,
664,107815,13,64,1.099888589,-239935606.6,
665,120102,2,1,0.054004865,-1,
666,89385,6,14,0.343308637,-1,
667,118056,6,15,0.56610178,-1,
668,120106,2,1,0.054004865,-1,
669,73007,4,6,0.282164708,-1,
670,77103,2,1,0.054004865,-1,
671,134451,8,27,0.59353004,-157942672.8,
672,128310,8,28,0.741248349,-1,
673,120118,2,1,0.054004865,-1,
674,124216,6,14,0.343308637,-1,
675,132415,2,1,0.054004865,-1,
676,120127,2,1,0.054004865,-1,
677,134466,2,1,0.054004865,-1,
678,132416,3,3,0.102138795,-1,
679,132417,3,3,0.102138795,-1,
680,122178,11,50,0.046232169,-1.199354216,
681,122185,8,28,0.741248349,-1,
682,81226,2,1,0.054004865,-1,
683,124237,6,14,0.343308637,-1,
684,101708,2,1,0.054004865,-1,
685,118104,3,3,0.102138795,-1,
686,77147,3,3,0.102138795,-1,
687,77146,3,3,0.102138795,-1,
688,77149,3,3,0.102138795,-1,
689,111964,5,9,0.149453179,-1,
690,109918,15,95,0.781787512,-1,
691,91489,20,190,0.297046928,-1,
692,118115,3,3,0.102138795,-1,
693,118114,3,3,0.102138795,-1,
694,118116,3,3,0.102138795,-1,
695,126311,5,10,0.439456321,-1,
696,91499,20,190,0.297046928,-1,
697,118122,2,1,0.054004865,-1,
698,130413,2,1,0.054004865,-1,
699,89453,14,75,1.202434918,-1.002455559,
700,71027,2,1,0.054004865,-1,
701,89461,2,1,0.054004865,-1,
702,118135,4,6,0.282164708,-1,
703,89463,2,1,0.054004865,-1,
704,134517,4,6,0.282164708,-1,
705,114041,2,1,0.054004865,-1,
706,124280,6,11,0.547763421,-337712222.7,
707,118136,2,1,0.054004865,-1,
708,134521,5,9,0.149453179,-1,
709,89469,8,22,0.611974679,-309680358.6,
710,71036,4,4,0.457764732,-1,
711,124284,6,11,0.547763421,-337712222.7,
712,122243,7,21,0.665156882,-1,
713,128387,3,3,0.102138795,-1,
714,128386,3,3,0.102138795,-1,
715,126341,2,1,0.054004865,-1,
716,81284,4,6,0.282164708,-1,
717,128388,3,3,0.102138795,-1,
718,124297,4,6,0.282164708,-1,
719,93588,2,1,0.054004865,-1,
720,136597,3,3,0.102138795,-1,
721,120217,2,1,0.054004865,-1,
722,81310,2,1,0.054004865,-1,
723,118183,6,15,0.56610178,-1,
724,118182,6,15,0.56610178,-1,
725,118184,4,6,0.282164708,-1,
726,105898,2,1,0.054004865,-1,
727,87475,8,28,0.741248349,-1,
728,128435,2,1,0.054004865,-1,
729,134577,4,6,0.282164708,-1,
730,128437,6,15,0.56610178,-1,
731,101826,15,105,0.852239357,-0.966261794,
732,105924,2,1,0.054004865,-1,
733,120263,2,1,0.054004865,-1,
734,71113,8,20,0.911945696,-1.035374129,
735,71116,5,10,0.439456321,-1,
736,120268,3,3,0.102138795,-1,
737,120271,3,3,0.102138795,-1,
738,107989,3,3,0.102138795,-1,
739,124381,16,114,0.296982369,-1,
740,124380,15,102,0.548278294,-1.040584436,
741,138719,2,1,0.054004865,-1,
742,124383,16,114,0.296982369,-1,
743,124382,15,102,0.548278294,-1.040584436,
744,75235,7,21,0.665156882,-1,
745,138727,2,1,0.054004865,-1,
746,95726,9,33,0.333053964,-1.217739922,
747,118259,6,14,0.343308637,-1,
748,124404,2,1,0.054004865,-1,
749,118260,6,14,0.343308637,-1,
750,124408,3,3,0.102138795,-1,
751,95739,2,1,0.054004865,-1,
752,91643,2,1,0.054004865,-1,
753,124413,2,1,0.054004865,-1,
754,71165,2,1,0.054004865,-1,
755,71164,2,1,0.054004865,-1,
756,79366,8,28,0.741248349,-1,
757,103950,3,3,0.102138795,-1,
758,124430,2,1,0.054004865,-1,
759,97811,2,1,0.054004865,-1,
760,118293,3,3,0.102138795,-1,
761,118295,3,3,0.102138795,-1,
762,120347,2,1,0.054004865,-1,
763,138776,2,1,0.054004865,-1,
764,101920,7,21,0.665156882,-1,
765,93732,4,4,0.457764732,-1,
766,93734,2,1,0.054004865,-1,
767,136745,47,1079,2.680905655,-1.413759718,
768,136755,47,1079,2.680905655,-1.413759718,
769,120371,11,45,0.853597398,-2.278004414,
770,118329,6,15,0.56610178,-1,
771,120376,2,1,0.054004865,-1,
772,103995,9,36,0.798362646,-1,
773,120378,11,45,0.853597398,-2.278004414,
774,118330,6,14,0.343308637,-1,
775,130620,4,6,0.282164708,-1,
776,118339,3,3,0.102138795,-1,
777,120404,9,35,0.672164327,-97875652.34,
778,120406,8,28,0.741248349,-1,
779,91737,4,4,0.457764732,-1,
780,120411,10,41,0.222991574,-0.947640823,
781,71258,7,20,0.486899528,-42378599.14,
782,120410,10,41,0.222991574,-0.947640823,
783,120412,9,35,0.672164327,-97875652.34,
784,120419,2,1,0.054004865,-1,
785,118373,5,10,0.439456321,-1,
786,118372,2,1,0.054004865,-1,
787,99940,2,1,0.054004865,-1,
788,106089,2,1,0.054004865,-1,
789,122474,5,10,0.439456321,-1,
790,71280,2,1,0.054004865,-1,
791,106102,11,45,0.853597398,-2.278004414,
792,71288,3,3,0.102138795,-1,
793,112254,2,1,0.054004865,-1,
794,108161,15,93,0.941241495,-92406568.35,
795,106123,4,6,0.282164708,-1,
796,118411,2,1,0.054004865,-1,
797,120459,16,114,0.296982369,-1,
798,91787,4,6,0.282164708,-1,
799,91786,4,6,0.282164708,-1,
800,118416,2,1,0.054004865,-1,
801,89749,16,114,0.296982369,-1,
802,120468,2,1,0.054004865,-1,
803,102044,8,28,0.741248349,-1,
804,128668,5,10,0.439456321,-1,
805,102047,2,1,0.054004865,-1,
806,100003,2,1,0.054004865,-1,
807,114338,2,1,0.054004865,-1,
808,106149,2,1,0.054004865,-1,
809,106151,3,3,0.102138795,-1,
810,106150,2,1,0.054004865,-1,
811,77480,2,1,0.054004865,-1,
812,120491,2,1,0.054004865,-1,
813,136873,46,1035,2.621478952,-1.413759718,
814,120492,5,9,0.149453179,-1,
815,89780,4,6,0.282164708,-1,
816,95928,2,1,0.054004865,-1,
817,114364,2,1,0.054004865,-1,
818,128709,9,36,0.798362646,-1,
819,81604,5,10,0.439456321,-1,
820,118481,7,21,0.665156882,-1,
821,124624,2,1,0.054004865,-1,
822,126674,4,6,0.282164708,-1,
823,114386,2,1,0.054004865,-1,
824,120535,3,3,0.102138795,-1,
825,118486,2,1,0.054004865,-1,
826,118489,3,3,0.102138795,-1,
827,136923,46,1035,2.621478952,-1.413759718,
828,120536,3,3,0.102138795,-1,
829,118491,3,3,0.102138795,-1,
830,118493,5,10,0.439456321,-1,
831,89820,2,1,0.054004865,-1,
832,118494,5,10,0.439456321,-1,
833,124638,2,1,0.054004865,-1,
834,118507,5,10,0.439456321,-1,
835,118509,5,10,0.439456321,-1,
836,110316,4,4,0.457764732,-1,
837,128753,9,36,0.798362646,-1,
838,122614,2,1,0.054004865,-1,
839,124665,2,1,0.054004865,-1,
840,128769,9,36,0.798362646,-1,
841,128771,9,36,0.798362646,-1,
842,128770,9,36,0.798362646,-1,
843,132868,2,1,0.054004865,-1,
844,130826,3,3,0.102138795,-1,
845,124685,8,28,0.741248349,-1,
846,100111,3,3,0.102138795,-1,
847,124687,8,28,0.741248349,-1,
848,124689,8,28,0.741248349,-1,
849,124688,8,28,0.741248349,-1,
850,89875,6,15,0.56610178,-1,
851,118546,7,21,0.665156882,-1,
852,124690,8,28,0.741248349,-1,
853,124693,4,6,0.282164708,-1,
854,118548,7,20,0.486899528,-42378599.14,
855,124692,4,6,0.282164708,-1,
856,102168,2,1,0.054004865,-1,
857,118555,4,6,0.282164708,-1,
858,128801,5,10,0.439456321,-1,
859,124706,6,8,1.248439596,-340862047.4,
860,128804,8,25,0.168224761,-1,
861,118571,2,1,0.054004865,-1,
862,118573,50,1211,2.875319225,-1,
863,118572,43,903,2.467777832,-1.334561683,
864,118575,43,903,2.467777832,-1.334561683,
865,118574,50,1211,2.875319225,-1,
866,118579,2,1,0.054004865,-1,
867,139063,8,28,0.741248349,-1,
868,139060,8,28,0.741248349,-1,
869,139061,8,28,0.741248349,-1,
870,122680,2,1,0.054004865,-1,
871,91969,3,3,0.102138795,-1,
872,83781,2,1,0.054004865,-1,
873,120647,7,21,0.665156882,-1,
874,130887,2,1,0.054004865,-1,
875,102217,3,3,0.102138795,-1,
876,102216,3,3,0.102138795,-1,
877,102219,3,3,0.102138795,-1,
878,118602,50,1211,2.875319225,-1,
879,96074,2,1,0.054004865,-1,
880,73546,3,3,0.102138795,-1,
881,91981,13,78,0.884117727,-1,
882,94030,16,115,0.012820697,-1,
883,85841,4,6,0.282164708,-1,
884,71513,5,10,0.439456321,-1,
885,94043,7,19,0.260426949,-1,
886,75610,4,6,0.282164708,-1,
887,120671,7,21,0.665156882,-1,
888,75619,8,28,0.741248349,-1,
889,118629,2,1,0.054004865,-1,
890,135012,2,1,0.054004865,-1,
891,135013,2,1,0.054004865,-1,
892,120687,3,3,0.102138795,-1,
893,128879,3,3,0.102138795,-1,
894,120686,3,3,0.102138795,-1,
895,124782,2,1,0.054004865,-1,
896,83829,5,10,0.439456321,-1,
897,128884,11,48,0.478703917,-0.967229769,
898,137077,7,21,0.665156882,-1,
899,112509,49,1171,2.789462775,-1,
900,118653,50,1211,2.875319225,-1,
901,118652,50,1211,2.875319225,-1,
902,128895,5,10,0.439456321,-1,
903,128897,5,10,0.439456321,-1,
904,114560,2,1,0.054004865,-1,
905,128896,5,10,0.439456321,-1,
906,124803,4,6,0.282164708,-1,
907,124802,4,6,0.282164708,-1,
908,124804,4,6,0.282164708,-1,
909,137095,2,1,0.054004865,-1,
910,118663,2,1,0.054004865,-1,
911,73606,2,1,0.054004865,-1,
912,71565,2,1,0.054004865,-1,
913,130963,8,25,0.168224761,-1,
914,130962,8,25,0.168224761,-1,
915,83860,11,52,0.513921814,-1.823267156,
916,126871,10,45,0.839499175,-1,
917,130968,8,25,0.168224761,-1,
918,79771,7,21,0.665156882,-1,
919,130971,6,15,0.56610178,-1,
920,128923,5,10,0.439456321,-1,
921,128922,5,10,0.439456321,-1,
922,77729,2,1,0.054004865,-1,
923,124839,2,1,0.054004865,-1,
924,130982,2,1,0.054004865,-1,
925,71594,3,2,0.33814894,-352182519.1,
926,118702,2,1,0.054004865,-1,
927,124850,3,3,0.102138795,-1,
928,130994,2,1,0.054004865,-1,
929,85941,13,78,0.884117727,-1,
930,102329,6,15,0.56610178,-1,
931,106424,2,1,0.054004865,-1,
932,112575,2,1,0.054004865,-1,
933,83909,4,6,0.282164708,-1,
934,81877,4,5,0.096707935,-475087477.3,
935,116695,20,190,0.297046928,-1,
936,104408,4,6,0.282164708,-1,
937,118752,3,3,0.102138795,-1,
938,126944,5,10,0.439456321,-1,
939,71655,3,3,0.102138795,-1,
940,106471,3,3,0.102138795,-1,
941,126951,10,38,0.55639921,-3.153262531,
942,118758,3,3,0.102138795,-1,
943,79850,7,21,0.665156882,-1,
944,126954,2,1,0.054004865,-1,
945,124912,2,1,0.054004865,-1,
946,86015,3,3,0.102138795,-1,
